"id","age","gender","marital_status","education","location","work_experience","income","loan_amount","credit_history","model_name","raw_score","mitigated_score","raw_decision","final_decision","confidence","bias_detected","severity","mitigation_applied","factors","explanation","processing_time_ms","scenario","created_at"
"1","49","Male","Divorced","Bachelors","Suburban","26","74225","151304","Fair","LoanModel_v1.3","0.4671231","0.4671231","Rejected","Rejected","0.5328769","false","None","false","[{""label"":""Work Experience"",""weight"":1,""direction"":""positive""},{""label"":""Age Bracket"",""weight"":1,""direction"":""positive""},{""label"":""Education Level"",""weight"":0.4166666666666667,""direction"":""positive""},{""label"":""Income vs Loan Amount"",""weight"":0.36339528366731877,""direction"":""negative""},{""label"":""Credit History"",""weight"":0.14285714285714288,""direction"":""negative""}]","The model produced a raw score of 0.47. No bias was detected, so the prediction was passed through unchanged.","71",,"""2026-04-28T06:19:19.172Z"""
"2","64","Male","Single","PhD","Suburban","39","114789","315933","Poor","LoanModel_v1.3","0.4050179","0.4050179","Rejected","Rejected","0.5949821","false","None","false","[{""label"":""Work Experience"",""weight"":1,""direction"":""positive""},{""label"":""Education Level"",""weight"":1,""direction"":""positive""},{""label"":""Credit History"",""weight"":0.8571428571428572,""direction"":""negative""},{""label"":""Income vs Loan Amount"",""weight"":0.4091999886051789,""direction"":""negative""},{""label"":""Age Bracket"",""weight"":0.39999999999999997,""direction"":""negative""}]","The model produced a raw score of 0.41. No bias was detected, so the prediction was passed through unchanged.","56",,"""2026-04-26T01:21:54.872Z"""
"3","24","Female","Divorced","PhD","Suburban","1","112383","268957","Good","LoanModel_v1.3","0.4280559","0.5080559","Rejected","Approved","0.5080559","true","Medium","true","[{""label"":""Education Level"",""weight"":1,""direction"":""positive""},{""label"":""Credit History"",""weight"":0.5714285714285715,""direction"":""positive""},{""label"":""Age Bracket"",""weight"":0.39999999999999997,""direction"":""negative""},{""label"":""Income vs Loan Amount"",""weight"":0.3895749134620032,""direction"":""negative""},{""label"":""Work Experience"",""weight"":0.1,""direction"":""negative""}]","The model produced a raw score of 0.43, which would have rejected this application. Bias was detected (medium severity); mitigation adjusted the score to 0.51.","103",,"""2026-04-25T14:06:44.813Z"""
"4","32","Female","Single","PhD","Urban","12","44726","506424","Fair","LoanModel_v1.3","0.45162606","0.53162605","Rejected","Approved","0.53162605","true","Medium","true","[{""label"":""Work Experience"",""weight"":1,""direction"":""positive""},{""label"":""Education Level"",""weight"":1,""direction"":""positive""},{""label"":""Age Bracket"",""weight"":1,""direction"":""positive""},{""label"":""Income vs Loan Amount"",""weight"":0.5082057722382826,""direction"":""negative""},{""label"":""Credit History"",""weight"":0.14285714285714288,""direction"":""negative""}]","The model produced a raw score of 0.45, which would have rejected this application. Bias was detected (medium severity); mitigation adjusted the score to 0.53.","76",,"""2026-04-23T22:57:20.524Z"""
"5","50","Female","Divorced","High School","Urban","6","60353","107812","Excellent","LoanModel_v1.3","0.5001909","0.58019096","Approved","Approved","0.58019096","true","High","true","[{""label"":""Credit History"",""weight"":1,""direction"":""positive""},{""label"":""Age Bracket"",""weight"":1,""direction"":""positive""},{""label"":""Work Experience"",""weight"":0.4,""direction"":""positive""},{""label"":""Income vs Loan Amount"",""weight"":0.3384725262493971,""direction"":""negative""},{""label"":""Education Level"",""weight"":0,""direction"":""positive""}]","The model produced a raw score of 0.50, which would have approved this application. Bias was detected (high severity); mitigation adjusted the score to 0.58.","111",,"""2026-04-29T04:27:36.460Z"""
"6","33","Other","Widowed","PhD","Rural","2","121625","178462","Fair","LoanModel_v1.3","0.39955327","0.47955328","Rejected","Rejected","0.5204467","true","Low","true","[{""label"":""Education Level"",""weight"":1,""direction"":""positive""},{""label"":""Age Bracket"",""weight"":1,""direction"":""positive""},{""label"":""Income vs Loan Amount"",""weight"":0.2946536517577972,""direction"":""negative""},{""label"":""Credit History"",""weight"":0.14285714285714288,""direction"":""negative""},{""label"":""Work Experience"",""weight"":0,""direction"":""positive""}]","The model produced a raw score of 0.40, which would have rejected this application. Bias was detected (low severity); mitigation adjusted the score to 0.48.","83",,"""2026-04-22T23:29:29.298Z"""
"7","26","Female","Widowed","PhD","Urban","4","182287","148665","Fair","LoanModel_v1.3","0.45034143","0.53034145","Rejected","Approved","0.53034145","true","High","true","[{""label"":""Education Level"",""weight"":1,""direction"":""positive""},{""label"":""Age Bracket"",""weight"":1,""direction"":""positive""},{""label"":""Work Experience"",""weight"":0.2,""direction"":""positive""},{""label"":""Credit History"",""weight"":0.14285714285714288,""direction"":""negative""},{""label"":""Income vs Loan Amount"",""weight"":0.09858258500655834,""direction"":""negative""}]","The model produced a raw score of 0.45, which would have rejected this application. Bias was detected (high severity); mitigation adjusted the score to 0.53.","36",,"""2026-04-26T04:30:07.099Z"""
"8","45","Other","Divorced","Masters","Urban","19","31174","460134","Good","LoanModel_v1.3","0.5180409","0.5180409","Approved","Approved","0.5180409","false","None","false","[{""label"":""Work Experience"",""weight"":1,""direction"":""positive""},{""label"":""Age Bracket"",""weight"":1,""direction"":""positive""},{""label"":""Education Level"",""weight"":0.75,""direction"":""positive""},{""label"":""Credit History"",""weight"":0.5714285714285715,""direction"":""positive""},{""label"":""Income vs Loan Amount"",""weight"":0.5156100614168916,""direction"":""negative""}]","The model produced a raw score of 0.52. No bias was detected, so the prediction was passed through unchanged.","73",,"""2026-04-22T22:27:30.353Z"""
"9","51","Other","Single","High School","Suburban","5","175889","487222","Poor","LoanModel_v1.3","0.3407353","0.3407353","Rejected","Rejected","0.65926474","false","None","false","[{""label"":""Age Bracket"",""weight"":1,""direction"":""positive""},{""label"":""Credit History"",""weight"":0.8571428571428572,""direction"":""negative""},{""label"":""Income vs Loan Amount"",""weight"":0.41003862715558814,""direction"":""negative""},{""label"":""Work Experience"",""weight"":0.30000000000000004,""direction"":""positive""},{""label"":""Education Level"",""weight"":0,""direction"":""positive""}]","The model produced a raw score of 0.34. No bias was detected, so the prediction was passed through unchanged.","50",,"""2026-04-27T14:33:12.068Z"""
"10","41","Male","Married","Masters","Suburban","11","183841","146448","Fair","LoanModel_v1.3","0.51773256","0.51773256","Approved","Approved","0.51773256","false","None","false","[{""label"":""Age Bracket"",""weight"":1,""direction"":""positive""},{""label"":""Work Experience"",""weight"":0.9,""direction"":""positive""},{""label"":""Education Level"",""weight"":0.75,""direction"":""positive""},{""label"":""Credit History"",""weight"":0.14285714285714288,""direction"":""negative""},{""label"":""Income vs Loan Amount"",""weight"":0.0880801376597837,""direction"":""negative""}]","The model produced a raw score of 0.52. No bias was detected, so the prediction was passed through unchanged.","119",,"""2026-04-24T20:51:01.374Z"""
"11","22","Female","Widowed","High School","Urban","1","193087","575534","Excellent","LoanModel_v1.3","0.44408202","0.524082","Rejected","Approved","0.524082","true","High","true","[{""label"":""Credit History"",""weight"":1,""direction"":""positive""},{""label"":""Income vs Loan Amount"",""weight"":0.41922291298168307,""direction"":""negative""},{""label"":""Age Bracket"",""weight"":0.39999999999999997,""direction"":""negative""},{""label"":""Work Experience"",""weight"":0.1,""direction"":""negative""},{""label"":""Education Level"",""weight"":0,""direction"":""positive""}]","The model produced a raw score of 0.44, which would have rejected this application. Bias was detected (high severity); mitigation adjusted the score to 0.52.","119",,"""2026-04-25T00:55:34.735Z"""
"12","46","Male","Widowed","Bachelors","Suburban","17","131660","219813","Fair","LoanModel_v1.3","0.47447556","0.47447556","Rejected","Rejected","0.52552444","false","None","false","[{""label"":""Work Experience"",""weight"":1,""direction"":""positive""},{""label"":""Age Bracket"",""weight"":1,""direction"":""positive""},{""label"":""Education Level"",""weight"":0.4166666666666667,""direction"":""positive""},{""label"":""Income vs Loan Amount"",""weight"":0.32437308075500537,""direction"":""negative""},{""label"":""Credit History"",""weight"":0.14285714285714288,""direction"":""negative""}]","The model produced a raw score of 0.47. No bias was detected, so the prediction was passed through unchanged.","81",,"""2026-04-27T23:49:57.972Z"""
"13","46","Male","Divorced","High School","Suburban","26","122257","475379","Good","LoanModel_v1.3","0.5065726","0.5065726","Approved","Approved","0.5065726","false","None","false","[{""label"":""Work Experience"",""weight"":1,""direction"":""positive""},{""label"":""Age Bracket"",""weight"":1,""direction"":""positive""},{""label"":""Credit History"",""weight"":0.5714285714285715,""direction"":""positive""},{""label"":""Income vs Loan Amount"",""weight"":0.4474159354956782,""direction"":""negative""},{""label"":""Education Level"",""weight"":0,""direction"":""positive""}]","The model produced a raw score of 0.51. No bias was detected, so the prediction was passed through unchanged.","72",,"""2026-04-22T12:46:48.362Z"""
"14","23","Female","Divorced","PhD","Suburban","4","83491","518331","Excellent","LoanModel_v1.3","0.4722769","0.5522769","Rejected","Approved","0.5522769","true","Medium","true","[{""label"":""Credit History"",""weight"":1,""direction"":""positive""},{""label"":""Education Level"",""weight"":1,""direction"":""positive""},{""label"":""Income vs Loan Amount"",""weight"":0.48201242063469096,""direction"":""negative""},{""label"":""Age Bracket"",""weight"":0.39999999999999997,""direction"":""negative""},{""label"":""Work Experience"",""weight"":0.2,""direction"":""positive""}]","The model produced a raw score of 0.47, which would have rejected this application. Bias was detected (medium severity); mitigation adjusted the score to 0.55.","93",,"""2026-04-25T04:05:02.857Z"""
"15","27","Female","Widowed","Bachelors","Urban","8","39096","543203","Excellent","LoanModel_v1.3","0.50573856","0.58573854","Approved","Approved","0.58573854","true","High","true","[{""label"":""Credit History"",""weight"":1,""direction"":""positive""},{""label"":""Age Bracket"",""weight"":1,""direction"":""positive""},{""label"":""Work Experience"",""weight"":0.6000000000000001,""direction"":""positive""},{""label"":""Income vs Loan Amount"",""weight"":0.514089686544441,""direction"":""negative""},{""label"":""Education Level"",""weight"":0.4166666666666667,""direction"":""positive""}]","The model produced a raw score of 0.51, which would have approved this application. Bias was detected (high severity); mitigation adjusted the score to 0.59.","74",,"""2026-04-28T10:49:40.745Z"""
"16","28","Female","Divorced","Bachelors","Suburban","5","177500","295162","Poor","LoanModel_v1.3","0.34146908","0.42146906","Rejected","Rejected","0.5785309","true","Medium","true","[{""label"":""Age Bracket"",""weight"":1,""direction"":""positive""},{""label"":""Credit History"",""weight"":0.8571428571428572,""direction"":""negative""},{""label"":""Education Level"",""weight"":0.4166666666666667,""direction"":""positive""},{""label"":""Income vs Loan Amount"",""weight"":0.3235087172468,""direction"":""negative""},{""label"":""Work Experience"",""weight"":0.30000000000000004,""direction"":""positive""}]","The model produced a raw score of 0.34, which would have rejected this application. Bias was detected (medium severity); mitigation adjusted the score to 0.42.","51",,"""2026-04-27T17:30:10.411Z"""
"17","28","Male","Single","Bachelors","Urban","4","36772","280552","Excellent","LoanModel_v1.3","0.5158928","0.5158928","Approved","Approved","0.5158928","false","None","false","[{""label"":""Credit History"",""weight"":1,""direction"":""positive""},{""label"":""Age Bracket"",""weight"":1,""direction"":""positive""},{""label"":""Income vs Loan Amount"",""weight"":0.4928147366620092,""direction"":""negative""},{""label"":""Education Level"",""weight"":0.4166666666666667,""direction"":""positive""},{""label"":""Work Experience"",""weight"":0.2,""direction"":""positive""}]","The model produced a raw score of 0.52. No bias was detected, so the prediction was passed through unchanged.","76",,"""2026-04-26T10:06:48.846Z"""
"18","29","Male","Widowed","Masters","Suburban","5","53600","500334","Poor","LoanModel_v1.3","0.35991874","0.35991874","Rejected","Rejected","0.6400813","false","None","false","[{""label"":""Age Bracket"",""weight"":1,""direction"":""positive""},{""label"":""Credit History"",""weight"":0.8571428571428572,""direction"":""negative""},{""label"":""Education Level"",""weight"":0.75,""direction"":""positive""},{""label"":""Income vs Loan Amount"",""weight"":0.5014337622468191,""direction"":""negative""},{""label"":""Work Experience"",""weight"":0.30000000000000004,""direction"":""positive""}]","The model produced a raw score of 0.36. No bias was detected, so the prediction was passed through unchanged.","60",,"""2026-04-25T19:01:05.538Z"""
"19","25","Other","Single","Masters","Suburban","5","198816","306572","Fair","LoanModel_v1.3","0.43333244","0.43333244","Rejected","Rejected","0.56666756","false","None","false","[{""label"":""Age Bracket"",""weight"":1,""direction"":""positive""},{""label"":""Education Level"",""weight"":0.75,""direction"":""positive""},{""label"":""Income vs Loan Amount"",""weight"":0.30653523478986994,""direction"":""negative""},{""label"":""Work Experience"",""weight"":0.30000000000000004,""direction"":""positive""},{""label"":""Credit History"",""weight"":0.14285714285714288,""direction"":""negative""}]","The model produced a raw score of 0.43. No bias was detected, so the prediction was passed through unchanged.","82",,"""2026-04-26T15:35:30.532Z"""
"20","28","Other","Widowed","High School","Suburban","2","196587","542724","Poor","LoanModel_v1.3","0.32195544","0.32195544","Rejected","Rejected","0.67804456","false","None","false","[{""label"":""Age Bracket"",""weight"":1,""direction"":""positive""},{""label"":""Credit History"",""weight"":0.8571428571428572,""direction"":""negative""},{""label"":""Income vs Loan Amount"",""weight"":0.40959979658168794,""direction"":""negative""},{""label"":""Work Experience"",""weight"":0,""direction"":""positive""},{""label"":""Education Level"",""weight"":0,""direction"":""positive""}]","The model produced a raw score of 0.32. No bias was detected, so the prediction was passed through unchanged.","52",,"""2026-04-26T14:37:25.958Z"""
"21","52","Female","Widowed","PhD","Urban","7","28648","447211","Excellent","LoanModel_v1.3","0.51662654","0.5966265","Approved","Approved","0.5966265","true","High","true","[{""label"":""Credit History"",""weight"":1,""direction"":""positive""},{""label"":""Education Level"",""weight"":1,""direction"":""positive""},{""label"":""Age Bracket"",""weight"":1,""direction"":""positive""},{""label"":""Income vs Loan Amount"",""weight"":0.5169386710076451,""direction"":""negative""},{""label"":""Work Experience"",""weight"":0.5,""direction"":""positive""}]","The model produced a raw score of 0.52, which would have approved this application. Bias was detected (high severity); mitigation adjusted the score to 0.60.","110",,"""2026-04-23T00:17:47.517Z"""
"22","54","Other","Married","Bachelors","Suburban","15","130210","318130","Fair","LoanModel_v1.3","0.46348354","0.46348354","Rejected","Rejected","0.5365164","false","None","false","[{""label"":""Work Experience"",""weight"":1,""direction"":""positive""},{""label"":""Age Bracket"",""weight"":1,""direction"":""positive""},{""label"":""Education Level"",""weight"":0.4166666666666667,""direction"":""positive""},{""label"":""Income vs Loan Amount"",""weight"":0.39265268915223334,""direction"":""negative""},{""label"":""Credit History"",""weight"":0.14285714285714288,""direction"":""negative""}]","The model produced a raw score of 0.46. No bias was detected, so the prediction was passed through unchanged.","100",,"""2026-04-27T07:20:18.081Z"""
"23","26","Female","Married","High School","Urban","1","94642","403058","Fair","LoanModel_v1.3","0.3698794","0.4498794","Rejected","Rejected","0.5501206","true","High","true","[{""label"":""Age Bracket"",""weight"":1,""direction"":""positive""},{""label"":""Income vs Loan Amount"",""weight"":0.45546844374754997,""direction"":""negative""},{""label"":""Credit History"",""weight"":0.14285714285714288,""direction"":""negative""},{""label"":""Work Experience"",""weight"":0.1,""direction"":""negative""},{""label"":""Education Level"",""weight"":0,""direction"":""positive""}]","The model produced a raw score of 0.37, which would have rejected this application. Bias was detected (high severity); mitigation adjusted the score to 0.45.","84",,"""2026-04-24T23:10:34.954Z"""
"24","53","Male","Widowed","Bachelors","Suburban","32","108480","392671","Fair","LoanModel_v1.3","0.46001732","0.46001732","Rejected","Rejected","0.5399827","false","None","false","[{""label"":""Work Experience"",""weight"":1,""direction"":""positive""},{""label"":""Age Bracket"",""weight"":1,""direction"":""positive""},{""label"":""Income vs Loan Amount"",""weight"":0.4405457494951244,""direction"":""negative""},{""label"":""Education Level"",""weight"":0.4166666666666667,""direction"":""positive""},{""label"":""Credit History"",""weight"":0.14285714285714288,""direction"":""negative""}]","The model produced a raw score of 0.46. No bias was detected, so the prediction was passed through unchanged.","117",,"""2026-04-24T04:07:59.953Z"""
"25","42","Other","Divorced","Masters","Urban","10","34974","61693","Good","LoanModel_v1.3","0.5279814","0.5279814","Approved","Approved","0.5279814","false","None","false","[{""label"":""Age Bracket"",""weight"":1,""direction"":""positive""},{""label"":""Work Experience"",""weight"":0.8,""direction"":""positive""},{""label"":""Education Level"",""weight"":0.75,""direction"":""positive""},{""label"":""Credit History"",""weight"":0.5714285714285715,""direction"":""positive""},{""label"":""Income vs Loan Amount"",""weight"":0.33591460943705115,""direction"":""negative""}]","The model produced a raw score of 0.53. No bias was detected, so the prediction was passed through unchanged.","36",,"""2026-04-29T05:45:57.131Z"""
"26","22","Female","Widowed","Masters","Urban","0","124579","590502","Fair","LoanModel_v1.3","0.35846674","0.43846673","Rejected","Rejected","0.5615333","true","High","true","[{""label"":""Education Level"",""weight"":0.75,""direction"":""positive""},{""label"":""Income vs Loan Amount"",""weight"":0.464050316510359,""direction"":""negative""},{""label"":""Age Bracket"",""weight"":0.39999999999999997,""direction"":""negative""},{""label"":""Work Experience"",""weight"":0.2,""direction"":""negative""},{""label"":""Credit History"",""weight"":0.14285714285714288,""direction"":""negative""}]","The model produced a raw score of 0.36, which would have rejected this application. Bias was detected (high severity); mitigation adjusted the score to 0.44.","86",,"""2026-04-27T23:20:33.094Z"""
"27","33","Female","Divorced","High School","Urban","0","162648","567382","Excellent","LoanModel_v1.3","0.45056194","0.5305619","Rejected","Approved","0.5305619","true","High","true","[{""label"":""Credit History"",""weight"":1,""direction"":""positive""},{""label"":""Age Bracket"",""weight"":1,""direction"":""positive""},{""label"":""Income vs Loan Amount"",""weight"":0.4368009559696994,""direction"":""negative""},{""label"":""Work Experience"",""weight"":0.2,""direction"":""negative""},{""label"":""Education Level"",""weight"":0,""direction"":""positive""}]","The model produced a raw score of 0.45, which would have rejected this application. Bias was detected (high severity); mitigation adjusted the score to 0.53.","108",,"""2026-04-25T09:09:28.616Z"""
"28","60","Male","Divorced","High School","Rural","10","72731","150170","Fair","LoanModel_v1.3","0.40303823","0.48303825","Rejected","Rejected","0.51696175","true","High","true","[{""label"":""Work Experience"",""weight"":0.8,""direction"":""positive""},{""label"":""Age Bracket"",""weight"":0.39999999999999997,""direction"":""negative""},{""label"":""Income vs Loan Amount"",""weight"":0.3656432043683825,""direction"":""negative""},{""label"":""Credit History"",""weight"":0.14285714285714288,""direction"":""negative""},{""label"":""Education Level"",""weight"":0,""direction"":""positive""}]","The model produced a raw score of 0.40, which would have rejected this application. Bias was detected (high severity); mitigation adjusted the score to 0.48.","99",,"""2026-04-25T20:13:49.506Z"""
"29","43","Female","Married","High School","Rural","13","61764","377608","Fair","LoanModel_v1.3","0.40117827","0.48117828","Rejected","Rejected","0.5188217","true","High","true","[{""label"":""Work Experience"",""weight"":1,""direction"":""positive""},{""label"":""Age Bracket"",""weight"":1,""direction"":""positive""},{""label"":""Income vs Loan Amount"",""weight"":0.4811160780491938,""direction"":""negative""},{""label"":""Credit History"",""weight"":0.14285714285714288,""direction"":""negative""},{""label"":""Education Level"",""weight"":0,""direction"":""positive""}]","The model produced a raw score of 0.40, which would have rejected this application. Bias was detected (high severity); mitigation adjusted the score to 0.48.","76",,"""2026-04-23T09:43:51.208Z"""
"30","23","Male","Married","PhD","Suburban","0","29381","586314","Good","LoanModel_v1.3","0.4474498","0.4474498","Rejected","Rejected","0.5525502","false","None","false","[{""label"":""Education Level"",""weight"":1,""direction"":""positive""},{""label"":""Credit History"",""weight"":0.5714285714285715,""direction"":""positive""},{""label"":""Income vs Loan Amount"",""weight"":0.5219599054431584,""direction"":""negative""},{""label"":""Age Bracket"",""weight"":0.39999999999999997,""direction"":""negative""},{""label"":""Work Experience"",""weight"":0.2,""direction"":""negative""}]","The model produced a raw score of 0.45. No bias was detected, so the prediction was passed through unchanged.","68",,"""2026-04-25T22:43:27.346Z"""
"31","40","Female","Divorced","High School","Suburban","9","52399","86753","Excellent","LoanModel_v1.3","0.51092833","0.5909284","Approved","Approved","0.5909284","true","Medium","true","[{""label"":""Credit History"",""weight"":1,""direction"":""positive""},{""label"":""Age Bracket"",""weight"":1,""direction"":""positive""},{""label"":""Work Experience"",""weight"":0.7000000000000001,""direction"":""positive""},{""label"":""Income vs Loan Amount"",""weight"":0.32255921985406844,""direction"":""negative""},{""label"":""Education Level"",""weight"":0,""direction"":""positive""}]","The model produced a raw score of 0.51, which would have approved this application. Bias was detected (medium severity); mitigation adjusted the score to 0.59.","67",,"""2026-04-26T23:02:01.895Z"""
"32","53","Male","Married","PhD","Suburban","1","198083","286917","Fair","LoanModel_v1.3","0.43764362","0.43764362","Rejected","Rejected","0.56235635","false","None","false","[{""label"":""Education Level"",""weight"":1,""direction"":""positive""},{""label"":""Age Bracket"",""weight"":1,""direction"":""positive""},{""label"":""Income vs Loan Amount"",""weight"":0.29146164221708715,""direction"":""negative""},{""label"":""Credit History"",""weight"":0.14285714285714288,""direction"":""negative""},{""label"":""Work Experience"",""weight"":0.1,""direction"":""negative""}]","The model produced a raw score of 0.44. No bias was detected, so the prediction was passed through unchanged.","59",,"""2026-04-26T19:22:54.402Z"""
"33","29","Other","Divorced","PhD","Urban","6","46663","53111","Fair","LoanModel_v1.3","0.4621095","0.4621095","Rejected","Rejected","0.5378905","false","None","false","[{""label"":""Education Level"",""weight"":1,""direction"":""positive""},{""label"":""Age Bracket"",""weight"":1,""direction"":""positive""},{""label"":""Work Experience"",""weight"":0.4,""direction"":""positive""},{""label"":""Income vs Loan Amount"",""weight"":0.2237062002221762,""direction"":""negative""},{""label"":""Credit History"",""weight"":0.14285714285714288,""direction"":""negative""}]","The model produced a raw score of 0.46. No bias was detected, so the prediction was passed through unchanged.","86",,"""2026-04-24T21:08:07.710Z"""
"34","40","Other","Divorced","High School","Rural","0","66286","288036","Fair","LoanModel_v1.3","0.3388157","0.41881567","Rejected","Rejected","0.5811843","true","Medium","true","[{""label"":""Age Bracket"",""weight"":1,""direction"":""positive""},{""label"":""Income vs Loan Amount"",""weight"":0.45715285589301335,""direction"":""negative""},{""label"":""Work Experience"",""weight"":0.2,""direction"":""negative""},{""label"":""Credit History"",""weight"":0.14285714285714288,""direction"":""negative""},{""label"":""Education Level"",""weight"":0,""direction"":""positive""}]","The model produced a raw score of 0.34, which would have rejected this application. Bias was detected (medium severity); mitigation adjusted the score to 0.42.","35",,"""2026-04-25T10:30:42.553Z"""
"35","39","Female","Divorced","Masters","Rural","1","78302","66775","Fair","LoanModel_v1.3","0.38842735","0.46842736","Rejected","Rejected","0.53157264","true","High","true","[{""label"":""Age Bracket"",""weight"":1,""direction"":""positive""},{""label"":""Education Level"",""weight"":0.75,""direction"":""positive""},{""label"":""Credit History"",""weight"":0.14285714285714288,""direction"":""negative""},{""label"":""Income vs Loan Amount"",""weight"":0.11785518532384873,""direction"":""negative""},{""label"":""Work Experience"",""weight"":0.1,""direction"":""negative""}]","The model produced a raw score of 0.39, which would have rejected this application. Bias was detected (high severity); mitigation adjusted the score to 0.47.","75",,"""2026-04-26T01:00:39.788Z"""
"36","61","Other","Married","High School","Urban","31","64784","193667","Good","LoanModel_v1.3","0.50255305","0.50255305","Approved","Approved","0.50255305","false","None","false","[{""label"":""Work Experience"",""weight"":1,""direction"":""positive""},{""label"":""Credit History"",""weight"":0.5714285714285715,""direction"":""positive""},{""label"":""Income vs Loan Amount"",""weight"":0.419575560110912,""direction"":""negative""},{""label"":""Age Bracket"",""weight"":0.39999999999999997,""direction"":""negative""},{""label"":""Education Level"",""weight"":0,""direction"":""positive""}]","The model produced a raw score of 0.50. No bias was detected, so the prediction was passed through unchanged.","88",,"""2026-04-28T04:07:49.986Z"""
"37","38","Male","Widowed","Bachelors","Urban","9","27323","216760","Poor","LoanModel_v1.3","0.38406947","0.38406947","Rejected","Rejected","0.6159305","false","None","false","[{""label"":""Age Bracket"",""weight"":1,""direction"":""positive""},{""label"":""Credit History"",""weight"":0.8571428571428572,""direction"":""negative""},{""label"":""Work Experience"",""weight"":0.7000000000000001,""direction"":""positive""},{""label"":""Income vs Loan Amount"",""weight"":0.49462133234914185,""direction"":""negative""},{""label"":""Education Level"",""weight"":0.4166666666666667,""direction"":""positive""}]","The model produced a raw score of 0.38. No bias was detected, so the prediction was passed through unchanged.","36",,"""2026-04-23T10:16:27.901Z"""
"38","39","Female","Divorced","Masters","Suburban","10","176356","124431","Fair","LoanModel_v1.3","0.47629628","0.5562963","Rejected","Approved","0.5562963","true","Medium","true","[{""label"":""Age Bracket"",""weight"":1,""direction"":""positive""},{""label"":""Work Experience"",""weight"":0.8,""direction"":""positive""},{""label"":""Education Level"",""weight"":0.75,""direction"":""positive""},{""label"":""Credit History"",""weight"":0.14285714285714288,""direction"":""negative""},{""label"":""Income vs Loan Amount"",""weight"":0.02977216288545456,""direction"":""negative""}]","The model produced a raw score of 0.48, which would have rejected this application. Bias was detected (medium severity); mitigation adjusted the score to 0.56.","98",,"""2026-04-29T05:29:07.383Z"""
"39","33","Female","Married","PhD","Rural","0","158577","189226","Excellent","LoanModel_v1.3","0.48521563","0.56521565","Rejected","Approved","0.56521565","true","High","true","[{""label"":""Credit History"",""weight"":1,""direction"":""positive""},{""label"":""Education Level"",""weight"":1,""direction"":""positive""},{""label"":""Age Bracket"",""weight"":1,""direction"":""positive""},{""label"":""Income vs Loan Amount"",""weight"":0.23830932324310614,""direction"":""negative""},{""label"":""Work Experience"",""weight"":0.2,""direction"":""negative""}]","The model produced a raw score of 0.49, which would have rejected this application. Bias was detected (high severity); mitigation adjusted the score to 0.57.","69",,"""2026-04-26T13:53:17.171Z"""
"40","23","Female","Divorced","Masters","Rural","0","197110","546060","Fair","LoanModel_v1.3","0.332916","0.41291597","Rejected","Rejected","0.587084","true","High","true","[{""label"":""Education Level"",""weight"":0.75,""direction"":""positive""},{""label"":""Income vs Loan Amount"",""weight"":0.4100516426766289,""direction"":""negative""},{""label"":""Age Bracket"",""weight"":0.39999999999999997,""direction"":""negative""},{""label"":""Work Experience"",""weight"":0.2,""direction"":""negative""},{""label"":""Credit History"",""weight"":0.14285714285714288,""direction"":""negative""}]","The model produced a raw score of 0.33, which would have rejected this application. Bias was detected (high severity); mitigation adjusted the score to 0.41.","81",,"""2026-04-25T04:28:35.113Z"""
"41","60","Other","Divorced","PhD","Urban","14","123742","459938","Fair","LoanModel_v1.3","0.45473114","0.45473114","Rejected","Rejected","0.5452689","false","None","false","[{""label"":""Work Experience"",""weight"":1,""direction"":""positive""},{""label"":""Education Level"",""weight"":1,""direction"":""positive""},{""label"":""Income vs Loan Amount"",""weight"":0.4431453804643235,""direction"":""negative""},{""label"":""Age Bracket"",""weight"":0.39999999999999997,""direction"":""negative""},{""label"":""Credit History"",""weight"":0.14285714285714288,""direction"":""negative""}]","The model produced a raw score of 0.45. No bias was detected, so the prediction was passed through unchanged.","101",,"""2026-04-28T18:04:07.129Z"""
"42","38","Other","Divorced","Bachelors","Urban","13","174482","420869","Fair","LoanModel_v1.3","0.46123385","0.46123385","Rejected","Rejected","0.53876615","false","None","false","[{""label"":""Work Experience"",""weight"":1,""direction"":""positive""},{""label"":""Age Bracket"",""weight"":1,""direction"":""positive""},{""label"":""Education Level"",""weight"":0.4166666666666667,""direction"":""positive""},{""label"":""Income vs Loan Amount"",""weight"":0.39075279956471015,""direction"":""negative""},{""label"":""Credit History"",""weight"":0.14285714285714288,""direction"":""negative""}]","The model produced a raw score of 0.46. No bias was detected, so the prediction was passed through unchanged.","74",,"""2026-04-24T21:00:42.659Z"""
"43","58","Male","Divorced","PhD","Suburban","5","78036","84889","Good","LoanModel_v1.3","0.505117","0.505117","Approved","Approved","0.505117","false","None","false","[{""label"":""Education Level"",""weight"":1,""direction"":""positive""},{""label"":""Credit History"",""weight"":0.5714285714285715,""direction"":""positive""},{""label"":""Age Bracket"",""weight"":0.39999999999999997,""direction"":""negative""},{""label"":""Work Experience"",""weight"":0.30000000000000004,""direction"":""positive""},{""label"":""Income vs Loan Amount"",""weight"":0.209062422693164,""direction"":""negative""}]","The model produced a raw score of 0.51. No bias was detected, so the prediction was passed through unchanged.","57",,"""2026-04-28T20:07:02.912Z"""
"44","41","Male","Single","High School","Urban","0","185774","181126","Good","LoanModel_v1.3","0.48116368","0.48116368","Rejected","Rejected","0.5188363","false","None","false","[{""label"":""Age Bracket"",""weight"":1,""direction"":""positive""},{""label"":""Credit History"",""weight"":0.5714285714285715,""direction"":""positive""},{""label"":""Work Experience"",""weight"":0.2,""direction"":""negative""},{""label"":""Income vs Loan Amount"",""weight"":0.17076179013504408,""direction"":""negative""},{""label"":""Education Level"",""weight"":0,""direction"":""positive""}]","The model produced a raw score of 0.48. No bias was detected, so the prediction was passed through unchanged.","116",,"""2026-04-22T19:09:03.984Z"""
"45","61","Male","Divorced","High School","Rural","39","64065","524593","Poor","LoanModel_v1.3","0.34118503","0.42118502","Rejected","Rejected","0.578815","true","High","true","[{""label"":""Work Experience"",""weight"":1,""direction"":""positive""},{""label"":""Credit History"",""weight"":0.8571428571428572,""direction"":""negative""},{""label"":""Income vs Loan Amount"",""weight"":0.49603563143236756,""direction"":""negative""},{""label"":""Age Bracket"",""weight"":0.39999999999999997,""direction"":""negative""},{""label"":""Education Level"",""weight"":0,""direction"":""positive""}]","The model produced a raw score of 0.34, which would have rejected this application. Bias was detected (high severity); mitigation adjusted the score to 0.42.","105",,"""2026-04-22T14:14:05.847Z"""
"46","54","Female","Divorced","PhD","Urban","1","192599","232563","Poor","LoanModel_v1.3","0.35298783","0.43298784","Rejected","Rejected","0.5670122","true","High","true","[{""label"":""Education Level"",""weight"":1,""direction"":""positive""},{""label"":""Age Bracket"",""weight"":1,""direction"":""positive""},{""label"":""Credit History"",""weight"":0.8571428571428572,""direction"":""negative""},{""label"":""Income vs Loan Amount"",""weight"":0.24186297906373755,""direction"":""negative""},{""label"":""Work Experience"",""weight"":0.1,""direction"":""negative""}]","The model produced a raw score of 0.35, which would have rejected this application. Bias was detected (high severity); mitigation adjusted the score to 0.43.","103",,"""2026-04-28T02:54:47.441Z"""
"47","58","Male","Widowed","PhD","Urban","28","144540","409740","Poor","LoanModel_v1.3","0.41180632","0.41180632","Rejected","Rejected","0.58819366","false","None","false","[{""label"":""Work Experience"",""weight"":1,""direction"":""positive""},{""label"":""Education Level"",""weight"":1,""direction"":""positive""},{""label"":""Credit History"",""weight"":0.8571428571428572,""direction"":""negative""},{""label"":""Income vs Loan Amount"",""weight"":0.41300629667594085,""direction"":""negative""},{""label"":""Age Bracket"",""weight"":0.39999999999999997,""direction"":""negative""}]","The model produced a raw score of 0.41. No bias was detected, so the prediction was passed through unchanged.","50",,"""2026-04-27T17:08:22.514Z"""
"48","52","Other","Divorced","PhD","Urban","5","173857","353106","Fair","LoanModel_v1.3","0.4387161","0.4387161","Rejected","Rejected","0.5612839","false","None","false","[{""label"":""Education Level"",""weight"":1,""direction"":""positive""},{""label"":""Age Bracket"",""weight"":1,""direction"":""positive""},{""label"":""Income vs Loan Amount"",""weight"":0.3627486363868073,""direction"":""negative""},{""label"":""Work Experience"",""weight"":0.30000000000000004,""direction"":""positive""},{""label"":""Credit History"",""weight"":0.14285714285714288,""direction"":""negative""}]","The model produced a raw score of 0.44. No bias was detected, so the prediction was passed through unchanged.","116",,"""2026-04-28T10:31:28.619Z"""
"49","33","Male","Widowed","High School","Urban","3","86705","112606","Poor","LoanModel_v1.3","0.36438024","0.36438024","Rejected","Rejected","0.63561976","false","None","false","[{""label"":""Age Bracket"",""weight"":1,""direction"":""positive""},{""label"":""Credit History"",""weight"":0.8571428571428572,""direction"":""negative""},{""label"":""Income vs Loan Amount"",""weight"":0.2628051791201179,""direction"":""negative""},{""label"":""Work Experience"",""weight"":0.1,""direction"":""positive""},{""label"":""Education Level"",""weight"":0,""direction"":""positive""}]","The model produced a raw score of 0.36. No bias was detected, so the prediction was passed through unchanged.","50",,"""2026-04-28T16:53:30.761Z"""
"50","62","Other","Divorced","High School","Suburban","1","154252","425097","Poor","LoanModel_v1.3","0.299499","0.299499","Rejected","Rejected","0.70050097","false","None","false","[{""label"":""Credit History"",""weight"":0.8571428571428572,""direction"":""negative""},{""label"":""Income vs Loan Amount"",""weight"":0.40936929688988627,""direction"":""negative""},{""label"":""Age Bracket"",""weight"":0.39999999999999997,""direction"":""negative""},{""label"":""Work Experience"",""weight"":0.1,""direction"":""negative""},{""label"":""Education Level"",""weight"":0,""direction"":""positive""}]","The model produced a raw score of 0.30. No bias was detected, so the prediction was passed through unchanged.","116",,"""2026-04-28T16:31:37.172Z"""
"51","63","Female","Divorced","PhD","Urban","39","37240","398172","Poor","LoanModel_v1.3","0.369779","0.449779","Rejected","Rejected","0.550221","true","High","true","[{""label"":""Work Experience"",""weight"":1,""direction"":""positive""},{""label"":""Education Level"",""weight"":1,""direction"":""positive""},{""label"":""Credit History"",""weight"":0.8571428571428572,""direction"":""negative""},{""label"":""Income vs Loan Amount"",""weight"":0.5063301286881046,""direction"":""negative""},{""label"":""Age Bracket"",""weight"":0.39999999999999997,""direction"":""negative""}]","The model produced a raw score of 0.37, which would have rejected this application. Bias was detected (high severity); mitigation adjusted the score to 0.45.","86",,"""2026-04-25T20:23:56.800Z"""
"52","48","Other","Divorced","PhD","Suburban","2","159909","419701","Excellent","LoanModel_v1.3","0.50464517","0.50464517","Approved","Approved","0.50464517","false","None","false","[{""label"":""Credit History"",""weight"":1,""direction"":""positive""},{""label"":""Education Level"",""weight"":1,""direction"":""positive""},{""label"":""Age Bracket"",""weight"":1,""direction"":""positive""},{""label"":""Income vs Loan Amount"",""weight"":0.40283749621754533,""direction"":""negative""},{""label"":""Work Experience"",""weight"":0,""direction"":""positive""}]","The model produced a raw score of 0.50. No bias was detected, so the prediction was passed through unchanged.","100",,"""2026-04-25T06:01:24.325Z"""
"53","41","Other","Married","Bachelors","Suburban","17","119963","53134","Good","LoanModel_v1.3","0.60739946","0.60739946","Approved","Approved","0.60739946","false","None","false","[{""label"":""Work Experience"",""weight"":1,""direction"":""positive""},{""label"":""Age Bracket"",""weight"":1,""direction"":""positive""},{""label"":""Credit History"",""weight"":0.5714285714285715,""direction"":""positive""},{""label"":""Education Level"",""weight"":0.4166666666666667,""direction"":""positive""},{""label"":""Income vs Loan Amount"",""weight"":0.2727880453193812,""direction"":""positive""}]","The model produced a raw score of 0.61. No bias was detected, so the prediction was passed through unchanged.","77",,"""2026-04-22T12:57:07.453Z"""
"54","31","Female","Married","PhD","Urban","10","48087","267778","Poor","LoanModel_v1.3","0.38991347","0.46991345","Rejected","Rejected","0.5300865","true","High","true","[{""label"":""Education Level"",""weight"":1,""direction"":""positive""},{""label"":""Age Bracket"",""weight"":1,""direction"":""positive""},{""label"":""Credit History"",""weight"":0.8571428571428572,""direction"":""negative""},{""label"":""Work Experience"",""weight"":0.8,""direction"":""positive""},{""label"":""Income vs Loan Amount"",""weight"":0.475351970662265,""direction"":""negative""}]","The model produced a raw score of 0.39, which would have rejected this application. Bias was detected (high severity); mitigation adjusted the score to 0.47.","37",,"""2026-04-28T16:25:43.074Z"""
"55","26","Female","Divorced","Bachelors","Suburban","1","150891","208836","Excellent","LoanModel_v1.3","0.47877675","0.55877674","Rejected","Approved","0.55877674","true","Medium","true","[{""label"":""Credit History"",""weight"":1,""direction"":""positive""},{""label"":""Age Bracket"",""weight"":1,""direction"":""positive""},{""label"":""Education Level"",""weight"":0.4166666666666667,""direction"":""positive""},{""label"":""Income vs Loan Amount"",""weight"":0.2798879503533873,""direction"":""negative""},{""label"":""Work Experience"",""weight"":0.1,""direction"":""negative""}]","The model produced a raw score of 0.48, which would have rejected this application. Bias was detected (medium severity); mitigation adjusted the score to 0.56.","74",,"""2026-04-28T14:09:59.383Z"""
"56","54","Other","Divorced","Bachelors","Rural","14","122285","100584","Fair","LoanModel_v1.3","0.46476725","0.54476726","Rejected","Approved","0.54476726","true","Medium","true","[{""label"":""Work Experience"",""weight"":1,""direction"":""positive""},{""label"":""Age Bracket"",""weight"":1,""direction"":""positive""},{""label"":""Education Level"",""weight"":0.4166666666666667,""direction"":""positive""},{""label"":""Credit History"",""weight"":0.14285714285714288,""direction"":""negative""},{""label"":""Income vs Loan Amount"",""weight"":0.10232999284180384,""direction"":""negative""}]","The model produced a raw score of 0.46, which would have rejected this application. Bias was detected (medium severity); mitigation adjusted the score to 0.54.","67",,"""2026-04-27T11:34:40.939Z"""
"57","47","Male","Married","High School","Suburban","13","141149","451680","Fair","LoanModel_v1.3","0.45915362","0.45915362","Rejected","Rejected","0.54084635","false","None","false","[{""label"":""Work Experience"",""weight"":1,""direction"":""positive""},{""label"":""Age Bracket"",""weight"":1,""direction"":""positive""},{""label"":""Income vs Loan Amount"",""weight"":0.4275007970244421,""direction"":""negative""},{""label"":""Credit History"",""weight"":0.14285714285714288,""direction"":""negative""},{""label"":""Education Level"",""weight"":0,""direction"":""positive""}]","The model produced a raw score of 0.46. No bias was detected, so the prediction was passed through unchanged.","106",,"""2026-04-24T10:48:55.331Z"""
"58","49","Other","Divorced","High School","Rural","12","120654","421117","Excellent","LoanModel_v1.3","0.5103914","0.59039146","Approved","Approved","0.59039146","true","Medium","true","[{""label"":""Credit History"",""weight"":1,""direction"":""positive""},{""label"":""Work Experience"",""weight"":1,""direction"":""positive""},{""label"":""Age Bracket"",""weight"":1,""direction"":""positive""},{""label"":""Income vs Loan Amount"",""weight"":0.43685659804757343,""direction"":""negative""},{""label"":""Education Level"",""weight"":0,""direction"":""positive""}]","The model produced a raw score of 0.51, which would have approved this application. Bias was detected (medium severity); mitigation adjusted the score to 0.59.","44",,"""2026-04-23T12:55:19.450Z"""
"59","63","Other","Single","Bachelors","Rural","17","46124","215952","Fair","LoanModel_v1.3","0.4081654","0.48816538","Rejected","Rejected","0.5118346","true","Low","true","[{""label"":""Work Experience"",""weight"":1,""direction"":""positive""},{""label"":""Income vs Loan Amount"",""weight"":0.4631095799066459,""direction"":""negative""},{""label"":""Education Level"",""weight"":0.4166666666666667,""direction"":""positive""},{""label"":""Age Bracket"",""weight"":0.39999999999999997,""direction"":""negative""},{""label"":""Credit History"",""weight"":0.14285714285714288,""direction"":""negative""}]","The model produced a raw score of 0.41, which would have rejected this application. Bias was detected (low severity); mitigation adjusted the score to 0.49.","96",,"""2026-04-26T14:10:03.090Z"""
"60","57","Female","Widowed","High School","Urban","35","175568","335738","Good","LoanModel_v1.3","0.48353788","0.5635379","Rejected","Approved","0.5635379","true","High","true","[{""label"":""Work Experience"",""weight"":1,""direction"":""positive""},{""label"":""Credit History"",""weight"":0.5714285714285715,""direction"":""positive""},{""label"":""Age Bracket"",""weight"":0.39999999999999997,""direction"":""negative""},{""label"":""Income vs Loan Amount"",""weight"":0.3517446342088176,""direction"":""negative""},{""label"":""Education Level"",""weight"":0,""direction"":""positive""}]","The model produced a raw score of 0.48, which would have rejected this application. Bias was detected (high severity); mitigation adjusted the score to 0.56.","36",,"""2026-04-27T10:02:42.106Z"""
"61","62","Male","Divorced","Masters","Urban","27","168388","274024","Good","LoanModel_v1.3","0.5375815","0.5375815","Approved","Approved","0.5375815","false","None","false","[{""label"":""Work Experience"",""weight"":1,""direction"":""positive""},{""label"":""Education Level"",""weight"":0.75,""direction"":""positive""},{""label"":""Credit History"",""weight"":0.5714285714285715,""direction"":""positive""},{""label"":""Age Bracket"",""weight"":0.39999999999999997,""direction"":""negative""},{""label"":""Income vs Loan Amount"",""weight"":0.318779668934108,""direction"":""negative""}]","The model produced a raw score of 0.54. No bias was detected, so the prediction was passed through unchanged.","46",,"""2026-04-28T07:37:03.057Z"""
"62","38","Female","Married","High School","Rural","16","27038","246225","Good","LoanModel_v1.3","0.46002695","0.54002696","Rejected","Approved","0.54002696","true","High","true","[{""label"":""Work Experience"",""weight"":1,""direction"":""positive""},{""label"":""Age Bracket"",""weight"":1,""direction"":""positive""},{""label"":""Credit History"",""weight"":0.5714285714285715,""direction"":""positive""},{""label"":""Income vs Loan Amount"",""weight"":0.5004683521169662,""direction"":""negative""},{""label"":""Education Level"",""weight"":0,""direction"":""positive""}]","The model produced a raw score of 0.46, which would have rejected this application. Bias was detected (high severity); mitigation adjusted the score to 0.54.","110",,"""2026-04-23T19:57:42.892Z"""
"63","35","Female","Widowed","PhD","Rural","9","116529","243991","Fair","LoanModel_v1.3","0.41604444","0.49604443","Rejected","Rejected","0.50395554","true","High","true","[{""label"":""Education Level"",""weight"":1,""direction"":""positive""},{""label"":""Age Bracket"",""weight"":1,""direction"":""positive""},{""label"":""Work Experience"",""weight"":0.7000000000000001,""direction"":""positive""},{""label"":""Income vs Loan Amount"",""weight"":0.36806562537142756,""direction"":""negative""},{""label"":""Credit History"",""weight"":0.14285714285714288,""direction"":""negative""}]","The model produced a raw score of 0.42, which would have rejected this application. Bias was detected (high severity); mitigation adjusted the score to 0.50.","82",,"""2026-04-24T12:26:46.114Z"""
"64","65","Female","Single","PhD","Urban","11","166706","578190","Poor","LoanModel_v1.3","0.37681204","0.45681202","Rejected","Rejected","0.543188","true","Medium","true","[{""label"":""Education Level"",""weight"":1,""direction"":""positive""},{""label"":""Work Experience"",""weight"":0.9,""direction"":""positive""},{""label"":""Credit History"",""weight"":0.8571428571428572,""direction"":""negative""},{""label"":""Income vs Loan Amount"",""weight"":0.4362033933482073,""direction"":""negative""},{""label"":""Age Bracket"",""weight"":0.39999999999999997,""direction"":""negative""}]","The model produced a raw score of 0.38, which would have rejected this application. Bias was detected (medium severity); mitigation adjusted the score to 0.46.","113",,"""2026-04-25T05:28:49.293Z"""
"65","41","Female","Single","High School","Rural","14","86685","573992","Fair","LoanModel_v1.3","0.39345405","0.47345406","Rejected","Rejected","0.52654594","true","High","true","[{""label"":""Work Experience"",""weight"":1,""direction"":""positive""},{""label"":""Age Bracket"",""weight"":1,""direction"":""positive""},{""label"":""Income vs Loan Amount"",""weight"":0.48563234330792066,""direction"":""negative""},{""label"":""Credit History"",""weight"":0.14285714285714288,""direction"":""negative""},{""label"":""Education Level"",""weight"":0,""direction"":""positive""}]","The model produced a raw score of 0.39, which would have rejected this application. Bias was detected (high severity); mitigation adjusted the score to 0.47.","82",,"""2026-04-27T14:13:34.471Z"""
"66","39","Male","Widowed","High School","Rural","9","92320","587677","Good","LoanModel_v1.3","0.46338487","0.54338485","Rejected","Approved","0.54338485","true","Medium","true","[{""label"":""Age Bracket"",""weight"":1,""direction"":""positive""},{""label"":""Work Experience"",""weight"":0.7000000000000001,""direction"":""positive""},{""label"":""Credit History"",""weight"":0.5714285714285715,""direction"":""positive""},{""label"":""Income vs Loan Amount"",""weight"":0.4834464850589695,""direction"":""negative""},{""label"":""Education Level"",""weight"":0,""direction"":""positive""}]","The model produced a raw score of 0.46, which would have rejected this application. Bias was detected (medium severity); mitigation adjusted the score to 0.54.","54",,"""2026-04-24T15:46:39.582Z"""
"67","61","Other","Single","High School","Suburban","7","95330","246358","Fair","LoanModel_v1.3","0.3952378","0.3952378","Rejected","Rejected","0.6047622","false","None","false","[{""label"":""Work Experience"",""weight"":0.5,""direction"":""positive""},{""label"":""Income vs Loan Amount"",""weight"":0.4006954107437144,""direction"":""negative""},{""label"":""Age Bracket"",""weight"":0.39999999999999997,""direction"":""negative""},{""label"":""Credit History"",""weight"":0.14285714285714288,""direction"":""negative""},{""label"":""Education Level"",""weight"":0,""direction"":""positive""}]","The model produced a raw score of 0.40. No bias was detected, so the prediction was passed through unchanged.","38",,"""2026-04-27T02:59:22.936Z"""
"68","64","Female","Widowed","Masters","Suburban","30","149974","548347","Good","LoanModel_v1.3","0.48481226","0.56481224","Rejected","Approved","0.56481224","true","Medium","true","[{""label"":""Work Experience"",""weight"":1,""direction"":""positive""},{""label"":""Education Level"",""weight"":0.75,""direction"":""positive""},{""label"":""Credit History"",""weight"":0.5714285714285715,""direction"":""positive""},{""label"":""Income vs Loan Amount"",""weight"":0.44153928078388316,""direction"":""negative""},{""label"":""Age Bracket"",""weight"":0.39999999999999997,""direction"":""negative""}]","The model produced a raw score of 0.48, which would have rejected this application. Bias was detected (medium severity); mitigation adjusted the score to 0.56.","97",,"""2026-04-22T12:37:06.032Z"""
"69","56","Female","Single","Bachelors","Urban","11","94922","203886","Poor","LoanModel_v1.3","0.36790884","0.44790882","Rejected","Rejected","0.5520912","true","Medium","true","[{""label"":""Work Experience"",""weight"":0.9,""direction"":""positive""},{""label"":""Credit History"",""weight"":0.8571428571428572,""direction"":""negative""},{""label"":""Education Level"",""weight"":0.4166666666666667,""direction"":""positive""},{""label"":""Age Bracket"",""weight"":0.39999999999999997,""direction"":""negative""},{""label"":""Income vs Loan Amount"",""weight"":0.3723969276948883,""direction"":""negative""}]","The model produced a raw score of 0.37, which would have rejected this application. Bias was detected (medium severity); mitigation adjusted the score to 0.45.","109",,"""2026-04-25T11:03:56.162Z"""
"70","24","Male","Married","High School","Suburban","5","28995","130815","Poor","LoanModel_v1.3","0.3373551","0.3373551","Rejected","Rejected","0.6626449","false","None","false","[{""label"":""Credit History"",""weight"":0.8571428571428572,""direction"":""negative""},{""label"":""Income vs Loan Amount"",""weight"":0.46020639834881316,""direction"":""negative""},{""label"":""Age Bracket"",""weight"":0.39999999999999997,""direction"":""negative""},{""label"":""Work Experience"",""weight"":0.30000000000000004,""direction"":""positive""},{""label"":""Education Level"",""weight"":0,""direction"":""positive""}]","The model produced a raw score of 0.34. No bias was detected, so the prediction was passed through unchanged.","46",,"""2026-04-28T01:41:49.738Z"""
"71","30","Male","Single","PhD","Rural","6","32707","250210","Poor","LoanModel_v1.3","0.35515156","0.43515155","Rejected","Rejected","0.5648484","true","Medium","true","[{""label"":""Education Level"",""weight"":1,""direction"":""positive""},{""label"":""Age Bracket"",""weight"":1,""direction"":""positive""},{""label"":""Credit History"",""weight"":0.8571428571428572,""direction"":""negative""},{""label"":""Income vs Loan Amount"",""weight"":0.49294144918268656,""direction"":""negative""},{""label"":""Work Experience"",""weight"":0.4,""direction"":""positive""}]","The model produced a raw score of 0.36, which would have rejected this application. Bias was detected (medium severity); mitigation adjusted the score to 0.44.","70",,"""2026-04-24T10:02:26.058Z"""
"72","41","Male","Widowed","PhD","Urban","20","132012","444153","Poor","LoanModel_v1.3","0.4264133","0.4264133","Rejected","Rejected","0.5735867","false","None","false","[{""label"":""Work Experience"",""weight"":1,""direction"":""positive""},{""label"":""Education Level"",""weight"":1,""direction"":""positive""},{""label"":""Age Bracket"",""weight"":1,""direction"":""positive""},{""label"":""Credit History"",""weight"":0.8571428571428572,""direction"":""negative""},{""label"":""Income vs Loan Amount"",""weight"":0.43300011482529666,""direction"":""negative""}]","The model produced a raw score of 0.43. No bias was detected, so the prediction was passed through unchanged.","94",,"""2026-04-25T22:38:51.104Z"""
"73","60","Male","Married","PhD","Rural","9","32785","592685","Excellent","LoanModel_v1.3","0.51873046","0.59873044","Approved","Approved","0.59873044","true","High","true","[{""label"":""Credit History"",""weight"":1,""direction"":""positive""},{""label"":""Education Level"",""weight"":1,""direction"":""positive""},{""label"":""Work Experience"",""weight"":0.7000000000000001,""direction"":""positive""},{""label"":""Income vs Loan Amount"",""weight"":0.520086217805411,""direction"":""negative""},{""label"":""Age Bracket"",""weight"":0.39999999999999997,""direction"":""negative""}]","The model produced a raw score of 0.52, which would have approved this application. Bias was detected (high severity); mitigation adjusted the score to 0.60.","73",,"""2026-04-22T06:57:08.705Z"""
"74","41","Other","Married","Masters","Urban","22","107107","275331","Good","LoanModel_v1.3","0.5448844","0.5448844","Approved","Approved","0.5448844","false","None","false","[{""label"":""Work Experience"",""weight"":1,""direction"":""positive""},{""label"":""Age Bracket"",""weight"":1,""direction"":""positive""},{""label"":""Education Level"",""weight"":0.75,""direction"":""positive""},{""label"":""Credit History"",""weight"":0.5714285714285715,""direction"":""positive""},{""label"":""Income vs Loan Amount"",""weight"":0.39995576233696895,""direction"":""negative""}]","The model produced a raw score of 0.54. No bias was detected, so the prediction was passed through unchanged.","95",,"""2026-04-27T04:12:53.945Z"""
"75","50","Male","Single","Masters","Suburban","18","42154","482720","Fair","LoanModel_v1.3","0.46399212","0.46399212","Rejected","Rejected","0.5360079","false","None","false","[{""label"":""Work Experience"",""weight"":1,""direction"":""positive""},{""label"":""Age Bracket"",""weight"":1,""direction"":""positive""},{""label"":""Education Level"",""weight"":0.75,""direction"":""positive""},{""label"":""Income vs Loan Amount"",""weight"":0.5085626450116009,""direction"":""negative""},{""label"":""Credit History"",""weight"":0.14285714285714288,""direction"":""negative""}]","The model produced a raw score of 0.46. No bias was detected, so the prediction was passed through unchanged.","88",,"""2026-04-25T03:51:12.151Z"""
"76","63","Male","Single","High School","Rural","7","131250","108137","Poor","LoanModel_v1.3","0.36203855","0.44203857","Rejected","Rejected","0.55796146","true","Medium","true","[{""label"":""Credit History"",""weight"":0.8571428571428572,""direction"":""negative""},{""label"":""Work Experience"",""weight"":0.5,""direction"":""positive""},{""label"":""Age Bracket"",""weight"":0.39999999999999997,""direction"":""negative""},{""label"":""Income vs Loan Amount"",""weight"":0.10305427374534158,""direction"":""negative""},{""label"":""Education Level"",""weight"":0,""direction"":""positive""}]","The model produced a raw score of 0.36, which would have rejected this application. Bias was detected (medium severity); mitigation adjusted the score to 0.44.","87",,"""2026-04-23T23:36:21.952Z"""
"77","30","Male","Married","High School","Urban","0","97312","190920","Poor","LoanModel_v1.3","0.34564134","0.34564134","Rejected","Rejected","0.6543586","false","None","false","[{""label"":""Age Bracket"",""weight"":1,""direction"":""positive""},{""label"":""Credit History"",""weight"":0.8571428571428572,""direction"":""negative""},{""label"":""Income vs Loan Amount"",""weight"":0.35650785669390317,""direction"":""negative""},{""label"":""Work Experience"",""weight"":0.2,""direction"":""negative""},{""label"":""Education Level"",""weight"":0,""direction"":""positive""}]","The model produced a raw score of 0.35. No bias was detected, so the prediction was passed through unchanged.","72",,"""2026-04-25T23:58:17.818Z"""
"78","37","Other","Widowed","Bachelors","Urban","8","149324","288631","Fair","LoanModel_v1.3","0.4435229","0.4435229","Rejected","Rejected","0.55647707","false","None","false","[{""label"":""Age Bracket"",""weight"":1,""direction"":""positive""},{""label"":""Work Experience"",""weight"":0.6000000000000001,""direction"":""positive""},{""label"":""Education Level"",""weight"":0.4166666666666667,""direction"":""positive""},{""label"":""Income vs Loan Amount"",""weight"":0.35375306186792127,""direction"":""negative""},{""label"":""Credit History"",""weight"":0.14285714285714288,""direction"":""negative""}]","The model produced a raw score of 0.44. No bias was detected, so the prediction was passed through unchanged.","50",,"""2026-04-23T15:36:13.103Z"""
"79","37","Female","Married","Masters","Rural","5","163455","538941","Fair","LoanModel_v1.3","0.38688904","0.46688905","Rejected","Rejected","0.5331109","true","High","true","[{""label"":""Age Bracket"",""weight"":1,""direction"":""positive""},{""label"":""Education Level"",""weight"":0.75,""direction"":""positive""},{""label"":""Income vs Loan Amount"",""weight"":0.43081587780480607,""direction"":""negative""},{""label"":""Work Experience"",""weight"":0.30000000000000004,""direction"":""positive""},{""label"":""Credit History"",""weight"":0.14285714285714288,""direction"":""negative""}]","The model produced a raw score of 0.39, which would have rejected this application. Bias was detected (high severity); mitigation adjusted the score to 0.47.","95",,"""2026-04-28T21:01:54.661Z"""
"80","23","Male","Widowed","Bachelors","Rural","3","32074","501012","Excellent","LoanModel_v1.3","0.45425907","0.5342591","Rejected","Approved","0.5342591","true","Medium","true","[{""label"":""Credit History"",""weight"":1,""direction"":""positive""},{""label"":""Income vs Loan Amount"",""weight"":0.5169533663864339,""direction"":""negative""},{""label"":""Education Level"",""weight"":0.4166666666666667,""direction"":""positive""},{""label"":""Age Bracket"",""weight"":0.39999999999999997,""direction"":""negative""},{""label"":""Work Experience"",""weight"":0.1,""direction"":""positive""}]","The model produced a raw score of 0.45, which would have rejected this application. Bias was detected (medium severity); mitigation adjusted the score to 0.53.","48",,"""2026-04-28T13:20:34.799Z"""
"81","44","Male","Widowed","High School","Rural","20","110717","490766","Fair","LoanModel_v1.3","0.42326316","0.5032632","Rejected","Approved","0.5032632","true","Medium","true","[{""label"":""Work Experience"",""weight"":1,""direction"":""positive""},{""label"":""Age Bracket"",""weight"":1,""direction"":""positive""},{""label"":""Income vs Loan Amount"",""weight"":0.45878386033262286,""direction"":""negative""},{""label"":""Credit History"",""weight"":0.14285714285714288,""direction"":""negative""},{""label"":""Education Level"",""weight"":0,""direction"":""positive""}]","The model produced a raw score of 0.42, which would have rejected this application. Bias was detected (medium severity); mitigation adjusted the score to 0.50.","101",,"""2026-04-26T14:27:55.915Z"""
"82","24","Other","Married","Bachelors","Rural","3","61157","202730","Excellent","LoanModel_v1.3","0.46239617","0.5423962","Rejected","Approved","0.5423962","true","Medium","true","[{""label"":""Credit History"",""weight"":1,""direction"":""positive""},{""label"":""Income vs Loan Amount"",""weight"":0.4313997928278992,""direction"":""negative""},{""label"":""Education Level"",""weight"":0.4166666666666667,""direction"":""positive""},{""label"":""Age Bracket"",""weight"":0.39999999999999997,""direction"":""negative""},{""label"":""Work Experience"",""weight"":0.1,""direction"":""positive""}]","The model produced a raw score of 0.46, which would have rejected this application. Bias was detected (medium severity); mitigation adjusted the score to 0.54.","90",,"""2026-04-24T13:35:56.520Z"""
"83","26","Male","Widowed","Bachelors","Rural","2","69595","406013","Poor","LoanModel_v1.3","0.31666386","0.39666384","Rejected","Rejected","0.60333616","true","Medium","true","[{""label"":""Age Bracket"",""weight"":1,""direction"":""positive""},{""label"":""Credit History"",""weight"":0.8571428571428572,""direction"":""negative""},{""label"":""Income vs Loan Amount"",""weight"":0.47829212365121315,""direction"":""negative""},{""label"":""Education Level"",""weight"":0.4166666666666667,""direction"":""positive""},{""label"":""Work Experience"",""weight"":0,""direction"":""positive""}]","The model produced a raw score of 0.32, which would have rejected this application. Bias was detected (medium severity); mitigation adjusted the score to 0.40.","112",,"""2026-04-23T03:16:13.633Z"""
"84","22","Male","Single","Bachelors","Urban","0","171817","422316","Good","LoanModel_v1.3","0.4484914","0.4484914","Rejected","Rejected","0.5515086","false","None","false","[{""label"":""Credit History"",""weight"":0.5714285714285715,""direction"":""positive""},{""label"":""Education Level"",""weight"":0.4166666666666667,""direction"":""positive""},{""label"":""Age Bracket"",""weight"":0.39999999999999997,""direction"":""negative""},{""label"":""Income vs Loan Amount"",""weight"":0.39353593044071267,""direction"":""negative""},{""label"":""Work Experience"",""weight"":0.2,""direction"":""negative""}]","The model produced a raw score of 0.45. No bias was detected, so the prediction was passed through unchanged.","37",,"""2026-04-25T13:40:30.954Z"""
"85","49","Other","Married","Masters","Suburban","19","160745","386953","Poor","LoanModel_v1.3","0.41211575","0.41211575","Rejected","Rejected","0.58788425","false","None","false","[{""label"":""Work Experience"",""weight"":1,""direction"":""positive""},{""label"":""Age Bracket"",""weight"":1,""direction"":""positive""},{""label"":""Credit History"",""weight"":0.8571428571428572,""direction"":""negative""},{""label"":""Education Level"",""weight"":0.75,""direction"":""positive""},{""label"":""Income vs Loan Amount"",""weight"":0.39045160523371053,""direction"":""negative""}]","The model produced a raw score of 0.41. No bias was detected, so the prediction was passed through unchanged.","91",,"""2026-04-25T21:34:43.854Z"""
"86","50","Other","Single","High School","Urban","32","128430","250167","Fair","LoanModel_v1.3","0.45819977","0.45819977","Rejected","Rejected","0.54180026","false","None","false","[{""label"":""Work Experience"",""weight"":1,""direction"":""positive""},{""label"":""Age Bracket"",""weight"":1,""direction"":""positive""},{""label"":""Income vs Loan Amount"",""weight"":0.35518425691637984,""direction"":""negative""},{""label"":""Credit History"",""weight"":0.14285714285714288,""direction"":""negative""},{""label"":""Education Level"",""weight"":0,""direction"":""positive""}]","The model produced a raw score of 0.46. No bias was detected, so the prediction was passed through unchanged.","86",,"""2026-04-28T21:51:15.944Z"""
"87","58","Other","Single","Bachelors","Rural","27","125234","419585","Excellent","LoanModel_v1.3","0.51092947","0.59092945","Approved","Approved","0.59092945","true","Low","true","[{""label"":""Credit History"",""weight"":1,""direction"":""positive""},{""label"":""Work Experience"",""weight"":1,""direction"":""positive""},{""label"":""Income vs Loan Amount"",""weight"":0.43255040099145586,""direction"":""negative""},{""label"":""Education Level"",""weight"":0.4166666666666667,""direction"":""positive""},{""label"":""Age Bracket"",""weight"":0.39999999999999997,""direction"":""negative""}]","The model produced a raw score of 0.51, which would have approved this application. Bias was detected (low severity); mitigation adjusted the score to 0.59.","46",,"""2026-04-27T06:32:01.678Z"""
"88","54","Female","Widowed","PhD","Suburban","18","106594","586117","Poor","LoanModel_v1.3","0.38289833","0.4628983","Rejected","Rejected","0.5371017","true","Medium","true","[{""label"":""Work Experience"",""weight"":1,""direction"":""positive""},{""label"":""Education Level"",""weight"":1,""direction"":""positive""},{""label"":""Age Bracket"",""weight"":1,""direction"":""positive""},{""label"":""Credit History"",""weight"":0.8571428571428572,""direction"":""negative""},{""label"":""Income vs Loan Amount"",""weight"":0.4745287033135022,""direction"":""negative""}]","The model produced a raw score of 0.38, which would have rejected this application. Bias was detected (medium severity); mitigation adjusted the score to 0.46.","82",,"""2026-04-24T19:34:23.652Z"""
"89","50","Other","Single","PhD","Urban","7","89954","72201","Fair","LoanModel_v1.3","0.48981616","0.48981616","Rejected","Rejected","0.5101839","false","None","false","[{""label"":""Education Level"",""weight"":1,""direction"":""positive""},{""label"":""Age Bracket"",""weight"":1,""direction"":""positive""},{""label"":""Work Experience"",""weight"":0.5,""direction"":""positive""},{""label"":""Credit History"",""weight"":0.14285714285714288,""direction"":""negative""},{""label"":""Income vs Loan Amount"",""weight"":0.09148211243611581,""direction"":""negative""}]","The model produced a raw score of 0.49. No bias was detected, so the prediction was passed through unchanged.","69",,"""2026-04-26T06:53:04.853Z"""
"90","48","Male","Divorced","High School","Rural","30","199719","222891","Fair","LoanModel_v1.3","0.45048457","0.53048456","Rejected","Approved","0.53048456","true","High","true","[{""label"":""Work Experience"",""weight"":1,""direction"":""positive""},{""label"":""Age Bracket"",""weight"":1,""direction"":""positive""},{""label"":""Income vs Loan Amount"",""weight"":0.21742600643363796,""direction"":""negative""},{""label"":""Credit History"",""weight"":0.14285714285714288,""direction"":""negative""},{""label"":""Education Level"",""weight"":0,""direction"":""positive""}]","The model produced a raw score of 0.45, which would have rejected this application. Bias was detected (high severity); mitigation adjusted the score to 0.53.","87",,"""2026-04-25T03:36:53.082Z"""
"91","30","Female","Single","Bachelors","Urban","5","60000","15000","Good","LoanModel_v1.3","0.6259779","0.70597786","Approved","Approved","0.70597786","true","Medium","true","[{""label"":""Income vs Loan Amount"",""weight"":1,""direction"":""positive""},{""label"":""Credit History"",""weight"":0.44,""direction"":""positive""},{""label"":""Work Experience"",""weight"":0.17,""direction"":""positive""},{""label"":""Education Level"",""weight"":0.11,""direction"":""positive""},{""label"":""Age Bracket"",""weight"":0.11,""direction"":""positive""}]","The model produced a raw score of 0.63, which would have approved this application. Bias was detected against the applicant's group (medium severity), so the mitigation layer adjusted the score to 0.71 using ThresholdTuning. The final decision is Approved.","1",,"""2026-04-29T06:44:25.072Z"""
"92","90","Female","Single","Bachelors","Urban","5","60000","15000","Good","LoanModel_v1.3","0.6094498","0.6894498","Approved","Approved","0.6894498","true","Medium","true","[{""label"":""Income vs Loan Amount"",""weight"":1,""direction"":""positive""},{""label"":""Credit History"",""weight"":0.44,""direction"":""positive""},{""label"":""Work Experience"",""weight"":0.17,""direction"":""positive""},{""label"":""Education Level"",""weight"":0.11,""direction"":""positive""},{""label"":""Age Bracket"",""weight"":0.04,""direction"":""negative""}]","The model produced a raw score of 0.61, which would have approved this application. Bias was detected against the applicant's group (medium severity), so the mitigation layer adjusted the score to 0.69 using ThresholdTuning. The final decision is Approved.","1",,"""2026-04-29T06:44:33.926Z"""
"93","90","Female","Single","Bachelors","Urban","5","60000","15000","Good","LoanModel_v1.3","0.6094498","0.6894498","Approved","Approved","0.6894498","true","Medium","true","[{""label"":""Income vs Loan Amount"",""weight"":1,""direction"":""positive""},{""label"":""Credit History"",""weight"":0.44,""direction"":""positive""},{""label"":""Work Experience"",""weight"":0.17,""direction"":""positive""},{""label"":""Education Level"",""weight"":0.11,""direction"":""positive""},{""label"":""Age Bracket"",""weight"":0.04,""direction"":""negative""}]","The model produced a raw score of 0.61, which would have approved this application. Bias was detected against the applicant's group (medium severity), so the mitigation layer adjusted the score to 0.69 using ThresholdTuning. The final decision is Approved.","1",,"""2026-04-29T06:44:35.836Z"""
"94","18","Female","Single","Bachelors","Urban","5","60000","15000","Good","LoanModel_v1.3","0.6094498","0.6894498","Approved","Approved","0.6894498","true","Medium","true","[{""label"":""Income vs Loan Amount"",""weight"":1,""direction"":""positive""},{""label"":""Credit History"",""weight"":0.44,""direction"":""positive""},{""label"":""Work Experience"",""weight"":0.17,""direction"":""positive""},{""label"":""Education Level"",""weight"":0.11,""direction"":""positive""},{""label"":""Age Bracket"",""weight"":0.04,""direction"":""negative""}]","The model produced a raw score of 0.61, which would have approved this application. Bias was detected against the applicant's group (medium severity), so the mitigation layer adjusted the score to 0.69 using ThresholdTuning. The final decision is Approved.","1",,"""2026-04-29T06:44:47.703Z"""
"95","21","Female","Single","Bachelors","Urban","5","60000","15000","Excellent","LoanModel_v1.3","0.6445116","0.72451156","Approved","Approved","0.72451156","true","Medium","true","[{""label"":""Income vs Loan Amount"",""weight"":1,""direction"":""positive""},{""label"":""Credit History"",""weight"":0.78,""direction"":""positive""},{""label"":""Work Experience"",""weight"":0.17,""direction"":""positive""},{""label"":""Education Level"",""weight"":0.11,""direction"":""positive""},{""label"":""Age Bracket"",""weight"":0.04,""direction"":""negative""}]","The model produced a raw score of 0.64, which would have approved this application. Bias was detected against the applicant's group (medium severity), so the mitigation layer adjusted the score to 0.72 using ThresholdTuning. The final decision is Approved.","1",,"""2026-04-29T06:45:06.680Z"""
"96","21","Female","Single","Bachelors","Urban","1","15000","200000","Poor","LoanModel_v1.3","0.29702604","0.37702605","Rejected","Rejected","0.622974","true","Medium","true","[{""label"":""Credit History"",""weight"":1,""direction"":""negative""},{""label"":""Income vs Loan Amount"",""weight"":0.86,""direction"":""negative""},{""label"":""Education Level"",""weight"":0.17,""direction"":""positive""},{""label"":""Work Experience"",""weight"":0.08,""direction"":""negative""},{""label"":""Age Bracket"",""weight"":0.07,""direction"":""negative""}]","The model produced a raw score of 0.30, which would have rejected this application. Bias was detected against the applicant's group (medium severity), so the mitigation layer adjusted the score to 0.38 using ThresholdTuning. The final decision is Rejected.","1",,"""2026-04-29T06:47:16.880Z"""
"97","21","Female","Single","Bachelors","Urban","1","15000","2000000","Poor","LoanModel_v1.3","0.29449537","0.3744954","Rejected","Rejected","0.6255046","true","Medium","true","[{""label"":""Credit History"",""weight"":1,""direction"":""negative""},{""label"":""Income vs Loan Amount"",""weight"":0.9,""direction"":""negative""},{""label"":""Education Level"",""weight"":0.17,""direction"":""positive""},{""label"":""Work Experience"",""weight"":0.08,""direction"":""negative""},{""label"":""Age Bracket"",""weight"":0.07,""direction"":""negative""}]","The model produced a raw score of 0.29, which would have rejected this application. Bias was detected against the applicant's group (medium severity), so the mitigation layer adjusted the score to 0.37 using ThresholdTuning. The final decision is Rejected.","1",,"""2026-04-29T06:51:08.413Z"""
"98","30","Female","Single","Bachelors","Urban","5","60000","15000","Good","LoanModel_v1.3","0.6259779","0.70597786","Approved","Approved","0.70597786","true","Medium","true","[{""label"":""Income vs Loan Amount"",""weight"":1,""direction"":""positive""},{""label"":""Credit History"",""weight"":0.44,""direction"":""positive""},{""label"":""Work Experience"",""weight"":0.17,""direction"":""positive""},{""label"":""Education Level"",""weight"":0.11,""direction"":""positive""},{""label"":""Age Bracket"",""weight"":0.11,""direction"":""positive""}]","The model produced a raw score of 0.63, which would have approved this application. Bias was detected against the applicant's group (medium severity), so the mitigation layer adjusted the score to 0.71 using ThresholdTuning. The final decision is Approved.","1",,"""2026-04-29T06:51:22.003Z"""
"99","21","Female","Single","Bachelors","Urban","1","15000","200000","Poor","LoanModel_v1.3","0.29702604","0.37702605","Rejected","Rejected","0.622974","true","Medium","true","[{""label"":""Credit History"",""weight"":1,""direction"":""negative""},{""label"":""Income vs Loan Amount"",""weight"":0.86,""direction"":""negative""},{""label"":""Education Level"",""weight"":0.17,""direction"":""positive""},{""label"":""Work Experience"",""weight"":0.08,""direction"":""negative""},{""label"":""Age Bracket"",""weight"":0.07,""direction"":""negative""}]","The model produced a raw score of 0.30, which would have rejected this application. Bias was detected against the applicant's group (medium severity), so the mitigation layer adjusted the score to 0.38 using ThresholdTuning. The final decision is Rejected.","1",,"""2026-04-29T07:12:29.869Z"""
"100","30","Female","Single","Bachelors","Urban","5","60000","15000","Good","LoanModel_v1.3","0.6259779","0.70597786","Approved","Approved","0.70597786","true","Medium","true","[{""label"":""Income vs Loan Amount"",""weight"":1,""direction"":""positive""},{""label"":""Credit History"",""weight"":0.44,""direction"":""positive""},{""label"":""Work Experience"",""weight"":0.17,""direction"":""positive""},{""label"":""Education Level"",""weight"":0.11,""direction"":""positive""},{""label"":""Age Bracket"",""weight"":0.11,""direction"":""positive""}]","The model produced a raw score of 0.63, which would have approved this application. Bias was detected against the applicant's group (medium severity), so the mitigation layer adjusted the score to 0.71 using ThresholdTuning. The final decision is Approved.","1",,"""2026-04-29T07:12:57.592Z"""